Node,Friends
James Hall,Lindsay Ortiz
James Hall,Jose Rhodes
James Hall,Kara Rice
James Hall,Samuel Watkins
James Hall,Cody Lopez
James Hall,Tamara Anderson
James Hall,Sergio Scott
James Hall,Melissa Sawyer
James Hall,April Hall
James Hall,William Brewer
James Hall,Samantha Thompson
James Hall,Paul Coleman
James Hall,Laura Smith
James Hall,James Velasquez
James Hall,Kathryn Hernandez
James Hall,Steven Herrera
James Hall,Scott Freeman
James Hall,Amanda Ramirez
James Hall,Ryan Bradshaw
James Hall,Mia Silva
James Hall,James Gonzalez
James Hall,Cameron Harris
James Hall,Haley Peterson
James Hall,James Taylor
James Hall,John Edwards
Robert Weaver,Lindsay Ortiz
Robert Weaver,Marcus Anthony
Robert Weaver,Kara Rice
Robert Weaver,Samuel Watkins
Robert Weaver,Sergio Scott
Robert Weaver,Melissa Sawyer
Robert Weaver,April Hall
Robert Weaver,William Brewer
Robert Weaver,Brittany Kelly
Robert Weaver,Paul Coleman
Robert Weaver,Laura Smith
Robert Weaver,James Velasquez
Robert Weaver,Kimberly Byrd
Robert Weaver,Sara Cohen
Robert Weaver,Steven Herrera
Robert Weaver,Christian Mann
Robert Weaver,Jonathan Meyers
Robert Weaver,Steven Bishop
Robert Weaver,Mia Silva
Robert Weaver,James Gonzalez
Robert Weaver,Cameron Harris
Robert Weaver,Haley Peterson
Robert Weaver,James Taylor
Robert Weaver,Jennifer Mendoza
Robert Weaver,Barbara Thomas
Lindsay Ortiz,James Hall
Lindsay Ortiz,Robert Weaver
Lindsay Ortiz,Marcus Anthony
Lindsay Ortiz,Kara Rice
Lindsay Ortiz,Amy Ortiz
Lindsay Ortiz,Samuel Watkins
Lindsay Ortiz,Cody Lopez
Lindsay Ortiz,Tamara Anderson
Lindsay Ortiz,Sergio Scott
Lindsay Ortiz,Melissa Sawyer
Lindsay Ortiz,April Hall
Lindsay Ortiz,William Brewer
Lindsay Ortiz,Brittany Kelly
Lindsay Ortiz,Laura Smith
Lindsay Ortiz,James Velasquez
Lindsay Ortiz,Kimberly Byrd
Lindsay Ortiz,Sara Cohen
Lindsay Ortiz,Kathryn Hernandez
Lindsay Ortiz,Steven Herrera
Lindsay Ortiz,Scott Freeman
Lindsay Ortiz,Jonathan Meyers
Lindsay Ortiz,Heather Ferrell
Lindsay Ortiz,Ryan Bradshaw
Lindsay Ortiz,Mia Silva
Lindsay Ortiz,Raymond Knight
Lindsay Ortiz,Darin Davis
Lindsay Ortiz,Haley Peterson
Lindsay Ortiz,James Taylor
Lindsay Ortiz,Jennifer Mendoza
Jessica Moore,Jose Rhodes
Jessica Moore,Marcus Anthony
Jessica Moore,Kara Rice
Jessica Moore,Amy Ortiz
Jessica Moore,Samuel Watkins
Jessica Moore,Tamara Anderson
Jessica Moore,Sergio Scott
Jessica Moore,Melissa Sawyer
Jessica Moore,April Hall
Jessica Moore,William Brewer
Jessica Moore,Paul Coleman
Jessica Moore,Laura Smith
Jessica Moore,James Velasquez
Jessica Moore,Kimberly Byrd
Jessica Moore,Sara Cohen
Jessica Moore,Jonathan Meyers
Jessica Moore,Heather Ferrell
Jessica Moore,Ryan Bradshaw
Jessica Moore,Mia Silva
Jessica Moore,James Gonzalez
Jessica Moore,Darin Davis
Jessica Moore,Cameron Harris
Jessica Moore,Haley Peterson
Jessica Moore,James Taylor
Jessica Moore,John Edwards
Jessica Moore,Curtis Garrison
Jose Rhodes,James Hall
Jose Rhodes,Jessica Moore
Jose Rhodes,Kara Rice
Jose Rhodes,Amy Ortiz
Jose Rhodes,Samuel Watkins
Jose Rhodes,Cody Lopez
Jose Rhodes,Tamara Anderson
Jose Rhodes,Melissa Sawyer
Jose Rhodes,April Hall
Jose Rhodes,William Brewer
Jose Rhodes,Brittany Kelly
Jose Rhodes,Samantha Thompson
Jose Rhodes,Paul Coleman
Jose Rhodes,Laura Smith
Jose Rhodes,James Velasquez
Jose Rhodes,John Adams
Jose Rhodes,Sara Cohen
Jose Rhodes,Kathryn Hernandez
Jose Rhodes,Steven Herrera
Jose Rhodes,Jonathan Meyers
Jose Rhodes,Steven Bishop
Jose Rhodes,Ryan Bradshaw
Jose Rhodes,Raymond Knight
Jose Rhodes,James Gonzalez
Jose Rhodes,Darin Davis
Jose Rhodes,Cameron Harris
Jose Rhodes,James Taylor
Jose Rhodes,David Doyle
Marcus Anthony,Robert Weaver
Marcus Anthony,Lindsay Ortiz
Marcus Anthony,Jessica Moore
Marcus Anthony,Kara Rice
Marcus Anthony,Amy Ortiz
Marcus Anthony,Samuel Watkins
Marcus Anthony,Tamara Anderson
Marcus Anthony,April Hall
Marcus Anthony,William Brewer
Marcus Anthony,Brittany Kelly
Marcus Anthony,Paul Coleman
Marcus Anthony,John Adams
Marcus Anthony,Sara Cohen
Marcus Anthony,Amanda Ramirez
Marcus Anthony,Steven Bishop
Marcus Anthony,Heather Ferrell
Marcus Anthony,Ryan Bradshaw
Marcus Anthony,Mia Silva
Marcus Anthony,James Gonzalez
Marcus Anthony,Cameron Harris
Marcus Anthony,Haley Peterson
Marcus Anthony,James Taylor
Marcus Anthony,Jennifer Mendoza
Marcus Anthony,Barbara Thomas
Kara Rice,James Hall
Kara Rice,Robert Weaver
Kara Rice,Lindsay Ortiz
Kara Rice,Jessica Moore
Kara Rice,Jose Rhodes
Kara Rice,Marcus Anthony
Kara Rice,Samuel Watkins
Kara Rice,Diana Abbott
Kara Rice,Cody Lopez
Kara Rice,Sergio Scott
Kara Rice,Melissa Sawyer
Kara Rice,April Hall
Kara Rice,William Brewer
Kara Rice,Brittany Kelly
Kara Rice,Paul Coleman
Kara Rice,Laura Smith
Kara Rice,James Velasquez
Kara Rice,Kimberly Byrd
Kara Rice,John Adams
Kara Rice,Sara Cohen
Kara Rice,Kathryn Hernandez
Kara Rice,Steven Herrera
Kara Rice,Amanda Ramirez
Kara Rice,Ryan Bradshaw
Kara Rice,Mia Silva
Kara Rice,James Gonzalez
Kara Rice,Darin Davis
Kara Rice,Cameron Harris
Kara Rice,James Taylor
Kara Rice,Jennifer Mendoza
Kara Rice,Barbara Thomas
Amy Ortiz,Lindsay Ortiz
Amy Ortiz,Jessica Moore
Amy Ortiz,Jose Rhodes
Amy Ortiz,Marcus Anthony
Amy Ortiz,Samuel Watkins
Amy Ortiz,Tamara Anderson
Amy Ortiz,Melissa Sawyer
Amy Ortiz,April Hall
Amy Ortiz,William Brewer
Amy Ortiz,Brittany Kelly
Amy Ortiz,Samantha Thompson
Amy Ortiz,Paul Coleman
Amy Ortiz,Eric Hansen
Amy Ortiz,Laura Smith
Amy Ortiz,James Velasquez
Amy Ortiz,Sara Cohen
Amy Ortiz,Kathryn Hernandez
Amy Ortiz,Tim Fry
Amy Ortiz,Amanda Ramirez
Amy Ortiz,Ryan Bradshaw
Amy Ortiz,James Gonzalez
Amy Ortiz,Darin Davis
Amy Ortiz,Cameron Harris
Amy Ortiz,James Taylor
Amy Ortiz,David Doyle
Samuel Watkins,James Hall
Samuel Watkins,Robert Weaver
Samuel Watkins,Lindsay Ortiz
Samuel Watkins,Jessica Moore
Samuel Watkins,Jose Rhodes
Samuel Watkins,Marcus Anthony
Samuel Watkins,Kara Rice
Samuel Watkins,Amy Ortiz
Samuel Watkins,Cody Lopez
Samuel Watkins,Sergio Scott
Samuel Watkins,Melissa Sawyer
Samuel Watkins,April Hall
Samuel Watkins,William Brewer
Samuel Watkins,Samantha Thompson
Samuel Watkins,Paul Coleman
Samuel Watkins,James Velasquez
Samuel Watkins,Sara Cohen
Samuel Watkins,Kathryn Hernandez
Samuel Watkins,Steven Herrera
Samuel Watkins,Jonathan Meyers
Samuel Watkins,Steven Bishop
Samuel Watkins,Heather Ferrell
Samuel Watkins,Ryan Bradshaw
Samuel Watkins,Mia Silva
Samuel Watkins,Raymond Knight
Samuel Watkins,James Gonzalez
Samuel Watkins,Darin Davis
Samuel Watkins,Cameron Harris
Samuel Watkins,David Doyle
Samuel Watkins,John Edwards
Samuel Watkins,Jennifer Mendoza
Diana Abbott,Kara Rice
Diana Abbott,Cody Lopez
Diana Abbott,Tamara Anderson
Diana Abbott,Sergio Scott
Diana Abbott,Melissa Sawyer
Diana Abbott,April Hall
Diana Abbott,William Brewer
Diana Abbott,Paul Coleman
Diana Abbott,Eric Hansen
Diana Abbott,Laura Smith
Diana Abbott,James Velasquez
Diana Abbott,Kathryn Hernandez
Diana Abbott,Jonathan Meyers
Diana Abbott,Steven Bishop
Diana Abbott,Ryan Bradshaw
Diana Abbott,Mia Silva
Diana Abbott,James Gonzalez
Diana Abbott,Darin Davis
Diana Abbott,Cameron Harris
Diana Abbott,Haley Peterson
Diana Abbott,James Taylor
Diana Abbott,Barbara Thomas
Cody Lopez,James Hall
Cody Lopez,Lindsay Ortiz
Cody Lopez,Jose Rhodes
Cody Lopez,Kara Rice
Cody Lopez,Samuel Watkins
Cody Lopez,Diana Abbott
Cody Lopez,Sergio Scott
Cody Lopez,Melissa Sawyer
Cody Lopez,April Hall
Cody Lopez,William Brewer
Cody Lopez,Brittany Kelly
Cody Lopez,Samantha Thompson
Cody Lopez,Paul Coleman
Cody Lopez,Laura Smith
Cody Lopez,James Velasquez
Cody Lopez,Sara Cohen
Cody Lopez,Kathryn Hernandez
Cody Lopez,Steven Herrera
Cody Lopez,Tim Fry
Cody Lopez,Amanda Ramirez
Cody Lopez,Jonathan Meyers
Cody Lopez,Ryan Bradshaw
Cody Lopez,Mia Silva
Cody Lopez,James Gonzalez
Cody Lopez,Cameron Harris
Cody Lopez,Haley Peterson
Cody Lopez,James Taylor
Karen Gonzalez,Sergio Scott
Karen Gonzalez,Melissa Sawyer
Karen Gonzalez,April Hall
Karen Gonzalez,William Brewer
Karen Gonzalez,Brittany Kelly
Karen Gonzalez,Samantha Thompson
Karen Gonzalez,Paul Coleman
Karen Gonzalez,James Velasquez
Karen Gonzalez,Sara Cohen
Karen Gonzalez,Steven Herrera
Karen Gonzalez,Amanda Ramirez
Karen Gonzalez,Jonathan Meyers
Karen Gonzalez,Heather Ferrell
Karen Gonzalez,James Gonzalez
Karen Gonzalez,Cameron Harris
Karen Gonzalez,Jennifer Mendoza
Karen Gonzalez,Barbara Thomas
Tamara Anderson,James Hall
Tamara Anderson,Lindsay Ortiz
Tamara Anderson,Jessica Moore
Tamara Anderson,Jose Rhodes
Tamara Anderson,Marcus Anthony
Tamara Anderson,Amy Ortiz
Tamara Anderson,Diana Abbott
Tamara Anderson,Melissa Sawyer
Tamara Anderson,April Hall
Tamara Anderson,William Brewer
Tamara Anderson,Laura Smith
Tamara Anderson,James Velasquez
Tamara Anderson,Kimberly Byrd
Tamara Anderson,John Adams
Tamara Anderson,Sara Cohen
Tamara Anderson,Steven Herrera
Tamara Anderson,Amanda Ramirez
Tamara Anderson,Jonathan Meyers
Tamara Anderson,Ryan Bradshaw
Tamara Anderson,Mia Silva
Tamara Anderson,Haley Peterson
Tamara Anderson,James Taylor
Tamara Anderson,David Doyle
Sergio Scott,James Hall
Sergio Scott,Robert Weaver
Sergio Scott,Lindsay Ortiz
Sergio Scott,Jessica Moore
Sergio Scott,Kara Rice
Sergio Scott,Samuel Watkins
Sergio Scott,Diana Abbott
Sergio Scott,Cody Lopez
Sergio Scott,Karen Gonzalez
Sergio Scott,Melissa Sawyer
Sergio Scott,April Hall
Sergio Scott,William Brewer
Sergio Scott,Laura Smith
Sergio Scott,James Velasquez
Sergio Scott,Sara Cohen
Sergio Scott,Kathryn Hernandez
Sergio Scott,Steven Herrera
Sergio Scott,Amanda Ramirez
Sergio Scott,Jonathan Meyers
Sergio Scott,Heather Ferrell
Sergio Scott,Ryan Bradshaw
Sergio Scott,Mia Silva
Sergio Scott,James Gonzalez
Sergio Scott,Darin Davis
Sergio Scott,Cameron Harris
Sergio Scott,Haley Peterson
Sergio Scott,James Taylor
Sergio Scott,Jennifer Mendoza
Sergio Scott,Barbara Thomas
Melissa Sawyer,James Hall
Melissa Sawyer,Robert Weaver
Melissa Sawyer,Lindsay Ortiz
Melissa Sawyer,Jessica Moore
Melissa Sawyer,Jose Rhodes
Melissa Sawyer,Kara Rice
Melissa Sawyer,Amy Ortiz
Melissa Sawyer,Samuel Watkins
Melissa Sawyer,Diana Abbott
Melissa Sawyer,Cody Lopez
Melissa Sawyer,Karen Gonzalez
Melissa Sawyer,Tamara Anderson
Melissa Sawyer,Sergio Scott
Melissa Sawyer,Paul Coleman
Melissa Sawyer,Laura Smith
Melissa Sawyer,John Adams
Melissa Sawyer,Sara Cohen
Melissa Sawyer,Tim Fry
Melissa Sawyer,Jonathan Meyers
Melissa Sawyer,Steven Bishop
Melissa Sawyer,Heather Ferrell
Melissa Sawyer,Ryan Bradshaw
Melissa Sawyer,Mia Silva
Melissa Sawyer,Raymond Knight
Melissa Sawyer,James Gonzalez
Melissa Sawyer,Darin Davis
Melissa Sawyer,Cameron Harris
Melissa Sawyer,Haley Peterson
Melissa Sawyer,Jennifer Mendoza
Melissa Sawyer,Barbara Thomas
April Hall,James Hall
April Hall,Robert Weaver
April Hall,Lindsay Ortiz
April Hall,Jessica Moore
April Hall,Jose Rhodes
April Hall,Marcus Anthony
April Hall,Kara Rice
April Hall,Amy Ortiz
April Hall,Samuel Watkins
April Hall,Diana Abbott
April Hall,Cody Lopez
April Hall,Karen Gonzalez
April Hall,Tamara Anderson
April Hall,Sergio Scott
April Hall,William Brewer
April Hall,Paul Coleman
April Hall,Sara Cohen
April Hall,Steven Herrera
April Hall,Tim Fry
April Hall,Scott Freeman
April Hall,Jonathan Meyers
April Hall,Heather Ferrell
April Hall,Ryan Bradshaw
April Hall,Mia Silva
April Hall,James Gonzalez
April Hall,Darin Davis
April Hall,Cameron Harris
April Hall,Jennifer Mendoza
William Brewer,James Hall
William Brewer,Robert Weaver
William Brewer,Lindsay Ortiz
William Brewer,Jessica Moore
William Brewer,Jose Rhodes
William Brewer,Marcus Anthony
William Brewer,Kara Rice
William Brewer,Amy Ortiz
William Brewer,Samuel Watkins
William Brewer,Diana Abbott
William Brewer,Cody Lopez
William Brewer,Karen Gonzalez
William Brewer,Sergio Scott
William Brewer,Tamara Anderson
William Brewer,April Hall
William Brewer,Samantha Thompson
William Brewer,Eric Hansen
William Brewer,James Velasquez
William Brewer,Sara Cohen
William Brewer,Kathryn Hernandez
William Brewer,Steven Herrera
William Brewer,Tim Fry
William Brewer,Amanda Ramirez
William Brewer,Jonathan Meyers
William Brewer,Ryan Bradshaw
William Brewer,Mia Silva
William Brewer,Raymond Knight
William Brewer,James Gonzalez
William Brewer,Darin Davis
William Brewer,Haley Peterson
William Brewer,James Taylor
William Brewer,Amber James
William Brewer,Curtis Garrison
Brittany Kelly,Robert Weaver
Brittany Kelly,Lindsay Ortiz
Brittany Kelly,Jose Rhodes
Brittany Kelly,Marcus Anthony
Brittany Kelly,Kara Rice
Brittany Kelly,Amy Ortiz
Brittany Kelly,Cody Lopez
Brittany Kelly,Karen Gonzalez
Brittany Kelly,Samantha Thompson
Brittany Kelly,Laura Smith
Brittany Kelly,James Velasquez
Brittany Kelly,Kimberly Byrd
Brittany Kelly,Sara Cohen
Brittany Kelly,Kathryn Hernandez
Brittany Kelly,Steven Herrera
Brittany Kelly,Scott Freeman
Brittany Kelly,Jonathan Meyers
Brittany Kelly,Heather Ferrell
Brittany Kelly,Ryan Bradshaw
Brittany Kelly,Mia Silva
Brittany Kelly,Raymond Knight
Brittany Kelly,James Gonzalez
Brittany Kelly,Darin Davis
Brittany Kelly,Cameron Harris
Brittany Kelly,Haley Peterson
Brittany Kelly,James Taylor
Brittany Kelly,Jennifer Mendoza
Brittany Kelly,Barbara Thomas
Jennifer Vargas,Paul Coleman
Jennifer Vargas,Laura Smith
Jennifer Vargas,James Velasquez
Jennifer Vargas,John Adams
Jennifer Vargas,Sara Cohen
Jennifer Vargas,Steven Herrera
Jennifer Vargas,Tim Fry
Jennifer Vargas,Christian Mann
Jennifer Vargas,Amanda Ramirez
Jennifer Vargas,Jonathan Meyers
Jennifer Vargas,Steven Bishop
Jennifer Vargas,Ryan Bradshaw
Jennifer Vargas,Mia Silva
Jennifer Vargas,Raymond Knight
Jennifer Vargas,James Gonzalez
Jennifer Vargas,Haley Peterson
Jennifer Vargas,James Taylor
Samantha Thompson,James Hall
Samantha Thompson,Samuel Watkins
Samantha Thompson,Cody Lopez
Samantha Thompson,Amy Ortiz
Samantha Thompson,Karen Gonzalez
Samantha Thompson,William Brewer
Samantha Thompson,Brittany Kelly
Samantha Thompson,Jose Rhodes
Samantha Thompson,Laura Smith
Samantha Thompson,James Velasquez
Samantha Thompson,Kimberly Byrd
Samantha Thompson,Steven Herrera
Samantha Thompson,Jonathan Meyers
Samantha Thompson,Heather Ferrell
Samantha Thompson,Ryan Bradshaw
Samantha Thompson,Mia Silva
Samantha Thompson,James Gonzalez
Samantha Thompson,Cameron Harris
Samantha Thompson,Haley Peterson
Samantha Thompson,James Taylor
Samantha Thompson,David Doyle
Samantha Thompson,Jennifer Mendoza
Paul Coleman,James Hall
Paul Coleman,Robert Weaver
Paul Coleman,Jessica Moore
Paul Coleman,Jose Rhodes
Paul Coleman,Kara Rice
Paul Coleman,Marcus Anthony
Paul Coleman,Amy Ortiz
Paul Coleman,Samuel Watkins
Paul Coleman,Diana Abbott
Paul Coleman,Cody Lopez
Paul Coleman,Karen Gonzalez
Paul Coleman,Melissa Sawyer
Paul Coleman,April Hall
Paul Coleman,Jennifer Vargas
Paul Coleman,Eric Hansen
Paul Coleman,Laura Smith
Paul Coleman,John Adams
Paul Coleman,Kathryn Hernandez
Paul Coleman,Steven Herrera
Paul Coleman,Jonathan Meyers
Paul Coleman,Steven Bishop
Paul Coleman,Ryan Bradshaw
Paul Coleman,Mia Silva
Paul Coleman,Darin Davis
Paul Coleman,Cameron Harris
Paul Coleman,Haley Peterson
Paul Coleman,Curtis Garrison
Paul Coleman,Jennifer Mendoza
Eric Hansen,Paul Coleman
Eric Hansen,Amy Ortiz
Eric Hansen,Diana Abbott
Eric Hansen,William Brewer
Eric Hansen,Laura Smith
Eric Hansen,James Velasquez
Eric Hansen,Kimberly Byrd
Eric Hansen,John Adams
Eric Hansen,Sara Cohen
Eric Hansen,Kathryn Hernandez
Eric Hansen,Steven Herrera
Eric Hansen,Tim Fry
Eric Hansen,Amanda Ramirez
Eric Hansen,Jonathan Meyers
Eric Hansen,Steven Bishop
Eric Hansen,Ryan Bradshaw
Eric Hansen,James Gonzalez
Eric Hansen,Cameron Harris
Eric Hansen,Curtis Garrison
Laura Smith,James Hall
Laura Smith,Robert Weaver
Laura Smith,Lindsay Ortiz
Laura Smith,Jessica Moore
Laura Smith,Jose Rhodes
Laura Smith,Kara Rice
Laura Smith,Amy Ortiz
Laura Smith,Diana Abbott
Laura Smith,Cody Lopez
Laura Smith,Sergio Scott
Laura Smith,Tamara Anderson
Laura Smith,Melissa Sawyer
Laura Smith,Brittany Kelly
Laura Smith,Samantha Thompson
Laura Smith,Jennifer Vargas
Laura Smith,Paul Coleman
Laura Smith,Eric Hansen
Laura Smith,James Velasquez
Laura Smith,John Adams
Laura Smith,Sara Cohen
Laura Smith,Kathryn Hernandez
Laura Smith,Steven Herrera
Laura Smith,Amanda Ramirez
Laura Smith,Jonathan Meyers
Laura Smith,Heather Ferrell
Laura Smith,Ryan Bradshaw
Laura Smith,Mia Silva
Laura Smith,Raymond Knight
Laura Smith,James Gonzalez
Laura Smith,Cameron Harris
Laura Smith,Haley Peterson
Laura Smith,James Taylor
Laura Smith,Curtis Garrison
James Velasquez,James Hall
James Velasquez,Robert Weaver
James Velasquez,Lindsay Ortiz
James Velasquez,Jessica Moore
James Velasquez,Jose Rhodes
James Velasquez,Kara Rice
James Velasquez,Amy Ortiz
James Velasquez,Samuel Watkins
James Velasquez,Diana Abbott
James Velasquez,Cody Lopez
James Velasquez,Karen Gonzalez
James Velasquez,Tamara Anderson
James Velasquez,Sergio Scott
James Velasquez,William Brewer
James Velasquez,Brittany Kelly
James Velasquez,Jennifer Vargas
James Velasquez,Samantha Thompson
James Velasquez,Eric Hansen
James Velasquez,Laura Smith
James Velasquez,Sara Cohen
James Velasquez,Jonathan Meyers
James Velasquez,Heather Ferrell
James Velasquez,James Gonzalez
James Velasquez,Darin Davis
James Velasquez,Cameron Harris
James Velasquez,James Taylor
James Velasquez,John Edwards
James Velasquez,Jennifer Mendoza
Kimberly Byrd,Samantha Thompson
Kimberly Byrd,Kara Rice
Kimberly Byrd,Eric Hansen
Kimberly Byrd,Robert Weaver
Kimberly Byrd,Tamara Anderson
Kimberly Byrd,Lindsay Ortiz
Kimberly Byrd,Jessica Moore
Kimberly Byrd,Brittany Kelly
Kimberly Byrd,Sara Cohen
Kimberly Byrd,Kathryn Hernandez
Kimberly Byrd,Jonathan Meyers
Kimberly Byrd,Steven Bishop
Kimberly Byrd,Ryan Bradshaw
Kimberly Byrd,Mia Silva
Kimberly Byrd,James Gonzalez
Kimberly Byrd,Haley Peterson
Kimberly Byrd,James Taylor
Kimberly Byrd,Jennifer Mendoza
John Adams,Jennifer Vargas
John Adams,Kara Rice
John Adams,Paul Coleman
John Adams,Eric Hansen
John Adams,Marcus Anthony
John Adams,Tamara Anderson
John Adams,Melissa Sawyer
John Adams,Jose Rhodes
John Adams,Laura Smith
John Adams,Sara Cohen
John Adams,Kathryn Hernandez
John Adams,Steven Herrera
John Adams,Scott Freeman
John Adams,Amanda Ramirez
John Adams,Jonathan Meyers
John Adams,Ryan Bradshaw
John Adams,Cameron Harris
John Adams,Amber James
Sara Cohen,Robert Weaver
Sara Cohen,Lindsay Ortiz
Sara Cohen,Jessica Moore
Sara Cohen,Jose Rhodes
Sara Cohen,Marcus Anthony
Sara Cohen,Kara Rice
Sara Cohen,Amy Ortiz
Sara Cohen,Samuel Watkins
Sara Cohen,Cody Lopez
Sara Cohen,Karen Gonzalez
Sara Cohen,Tamara Anderson
Sara Cohen,Sergio Scott
Sara Cohen,William Brewer
Sara Cohen,Melissa Sawyer
Sara Cohen,April Hall
Sara Cohen,Brittany Kelly
Sara Cohen,Jennifer Vargas
Sara Cohen,Eric Hansen
Sara Cohen,Laura Smith
Sara Cohen,James Velasquez
Sara Cohen,Kimberly Byrd
Sara Cohen,John Adams
Sara Cohen,Kathryn Hernandez
Sara Cohen,Steven Herrera
Sara Cohen,Tim Fry
Sara Cohen,Amanda Ramirez
Sara Cohen,Jonathan Meyers
Sara Cohen,Ryan Bradshaw
Sara Cohen,Raymond Knight
Sara Cohen,James Gonzalez
Sara Cohen,Darin Davis
Sara Cohen,Haley Peterson
Sara Cohen,James Taylor
Sara Cohen,Curtis Garrison
Sara Cohen,Jennifer Mendoza
Sara Cohen,Barbara Thomas
Kathryn Hernandez,James Hall
Kathryn Hernandez,Lindsay Ortiz
Kathryn Hernandez,Jose Rhodes
Kathryn Hernandez,Kara Rice
Kathryn Hernandez,Amy Ortiz
Kathryn Hernandez,Samuel Watkins
Kathryn Hernandez,Diana Abbott
Kathryn Hernandez,Cody Lopez
Kathryn Hernandez,Sergio Scott
Kathryn Hernandez,William Brewer
Kathryn Hernandez,Brittany Kelly
Kathryn Hernandez,Paul Coleman
Kathryn Hernandez,Eric Hansen
Kathryn Hernandez,Kimberly Byrd
Kathryn Hernandez,John Adams
Kathryn Hernandez,Sara Cohen
Kathryn Hernandez,Laura Smith
Kathryn Hernandez,Steven Herrera
Kathryn Hernandez,Amanda Ramirez
Kathryn Hernandez,Ryan Bradshaw
Kathryn Hernandez,Mia Silva
Kathryn Hernandez,Raymond Knight
Kathryn Hernandez,James Gonzalez
Kathryn Hernandez,Darin Davis
Kathryn Hernandez,Cameron Harris
Kathryn Hernandez,Haley Peterson
Kathryn Hernandez,James Taylor
Kathryn Hernandez,John Edwards
Kathryn Hernandez,Barbara Thomas
Steven Herrera,James Hall
Steven Herrera,Robert Weaver
Steven Herrera,Lindsay Ortiz
Steven Herrera,Jose Rhodes
Steven Herrera,Kara Rice
Steven Herrera,Samuel Watkins
Steven Herrera,Cody Lopez
Steven Herrera,Karen Gonzalez
Steven Herrera,Sergio Scott
Steven Herrera,Tamara Anderson
Steven Herrera,William Brewer
Steven Herrera,April Hall
Steven Herrera,Brittany Kelly
Steven Herrera,Samantha Thompson
Steven Herrera,Jennifer Vargas
Steven Herrera,Paul Coleman
Steven Herrera,Eric Hansen
Steven Herrera,John Adams
Steven Herrera,Sara Cohen
Steven Herrera,Kathryn Hernandez
Steven Herrera,Laura Smith
Steven Herrera,Tim Fry
Steven Herrera,Jonathan Meyers
Steven Herrera,Heather Ferrell
Steven Herrera,Ryan Bradshaw
Steven Herrera,Mia Silva
Steven Herrera,James Gonzalez
Steven Herrera,Cameron Harris
Steven Herrera,Haley Peterson
Steven Herrera,James Taylor
Steven Herrera,John Edwards
Steven Herrera,Curtis Garrison
Steven Herrera,Jennifer Mendoza
Tim Fry,Jennifer Vargas
Tim Fry,Eric Hansen
Tim Fry,Amy Ortiz
Tim Fry,Cody Lopez
Tim Fry,Sara Cohen
Tim Fry,William Brewer
Tim Fry,Melissa Sawyer
Tim Fry,April Hall
Tim Fry,Steven Herrera
Tim Fry,Jonathan Meyers
Tim Fry,Heather Ferrell
Tim Fry,Mia Silva
Tim Fry,Cameron Harris
Tim Fry,James Taylor
Tim Fry,David Doyle
Tim Fry,Curtis Garrison
Tim Fry,Jennifer Mendoza
Tim Fry,Barbara Thomas
Scott Freeman,James Hall
Scott Freeman,John Adams
Scott Freeman,Lindsay Ortiz
Scott Freeman,April Hall
Scott Freeman,Brittany Kelly
Scott Freeman,Amanda Ramirez
Scott Freeman,Jonathan Meyers
Scott Freeman,Ryan Bradshaw
Scott Freeman,Raymond Knight
Scott Freeman,Cameron Harris
Scott Freeman,John Edwards
Scott Freeman,Jennifer Mendoza
Christian Mann,Jennifer Vargas
Christian Mann,Robert Weaver
Christian Mann,Jonathan Meyers
Christian Mann,Heather Ferrell
Christian Mann,Ryan Bradshaw
Christian Mann,Mia Silva
Christian Mann,Raymond Knight
Christian Mann,Cameron Harris
Christian Mann,Haley Peterson
Christian Mann,James Taylor
Christian Mann,Barbara Thomas
Amanda Ramirez,James Hall
Amanda Ramirez,Kara Rice
Amanda Ramirez,Marcus Anthony
Amanda Ramirez,Amy Ortiz
Amanda Ramirez,Cody Lopez
Amanda Ramirez,Karen Gonzalez
Amanda Ramirez,Sergio Scott
Amanda Ramirez,Tamara Anderson
Amanda Ramirez,William Brewer
Amanda Ramirez,Jennifer Vargas
Amanda Ramirez,Eric Hansen
Amanda Ramirez,John Adams
Amanda Ramirez,Sara Cohen
Amanda Ramirez,Kathryn Hernandez
Amanda Ramirez,Scott Freeman
Amanda Ramirez,Laura Smith
Amanda Ramirez,Jonathan Meyers
Amanda Ramirez,Ryan Bradshaw
Amanda Ramirez,Mia Silva
Amanda Ramirez,James Gonzalez
Amanda Ramirez,Darin Davis
Amanda Ramirez,Cameron Harris
Amanda Ramirez,Haley Peterson
Amanda Ramirez,James Taylor
Amanda Ramirez,John Edwards
Amanda Ramirez,Curtis Garrison
Jonathan Meyers,Robert Weaver
Jonathan Meyers,Lindsay Ortiz
Jonathan Meyers,Jessica Moore
Jonathan Meyers,Jose Rhodes
Jonathan Meyers,Samuel Watkins
Jonathan Meyers,Diana Abbott
Jonathan Meyers,Cody Lopez
Jonathan Meyers,Karen Gonzalez
Jonathan Meyers,Sergio Scott
Jonathan Meyers,Tamara Anderson
Jonathan Meyers,Melissa Sawyer
Jonathan Meyers,April Hall
Jonathan Meyers,William Brewer
Jonathan Meyers,Brittany Kelly
Jonathan Meyers,Samantha Thompson
Jonathan Meyers,Jennifer Vargas
Jonathan Meyers,Paul Coleman
Jonathan Meyers,Eric Hansen
Jonathan Meyers,Laura Smith
Jonathan Meyers,James Velasquez
Jonathan Meyers,Kimberly Byrd
Jonathan Meyers,John Adams
Jonathan Meyers,Sara Cohen
Jonathan Meyers,Steven Herrera
Jonathan Meyers,Tim Fry
Jonathan Meyers,Scott Freeman
Jonathan Meyers,Christian Mann
Jonathan Meyers,Amanda Ramirez
Jonathan Meyers,Heather Ferrell
Jonathan Meyers,Ryan Bradshaw
Jonathan Meyers,Mia Silva
Jonathan Meyers,Raymond Knight
Jonathan Meyers,James Gonzalez
Jonathan Meyers,Haley Peterson
Jonathan Meyers,James Taylor
Steven Bishop,Jennifer Vargas
Steven Bishop,Marcus Anthony
Steven Bishop,Paul Coleman
Steven Bishop,Eric Hansen
Steven Bishop,Samuel Watkins
Steven Bishop,Diana Abbott
Steven Bishop,Robert Weaver
Steven Bishop,Kimberly Byrd
Steven Bishop,Melissa Sawyer
Steven Bishop,Jose Rhodes
Steven Bishop,Heather Ferrell
Steven Bishop,Ryan Bradshaw
Steven Bishop,James Gonzalez
Steven Bishop,Darin Davis
Steven Bishop,Cameron Harris
Steven Bishop,Haley Peterson
Steven Bishop,James Taylor
Heather Ferrell,Lindsay Ortiz
Heather Ferrell,Jessica Moore
Heather Ferrell,Marcus Anthony
Heather Ferrell,Samuel Watkins
Heather Ferrell,Karen Gonzalez
Heather Ferrell,Sergio Scott
Heather Ferrell,Melissa Sawyer
Heather Ferrell,April Hall
Heather Ferrell,Brittany Kelly
Heather Ferrell,Samantha Thompson
Heather Ferrell,James Velasquez
Heather Ferrell,Steven Herrera
Heather Ferrell,Tim Fry
Heather Ferrell,Christian Mann
Heather Ferrell,Jonathan Meyers
Heather Ferrell,Steven Bishop
Heather Ferrell,Laura Smith
Heather Ferrell,Ryan Bradshaw
Heather Ferrell,Mia Silva
Heather Ferrell,James Gonzalez
Heather Ferrell,Cameron Harris
Heather Ferrell,Haley Peterson
Heather Ferrell,James Taylor
Heather Ferrell,David Doyle
Heather Ferrell,Barbara Thomas
Ryan Bradshaw,James Hall
Ryan Bradshaw,Lindsay Ortiz
Ryan Bradshaw,Jessica Moore
Ryan Bradshaw,Jose Rhodes
Ryan Bradshaw,Kara Rice
Ryan Bradshaw,Marcus Anthony
Ryan Bradshaw,Amy Ortiz
Ryan Bradshaw,Samuel Watkins
Ryan Bradshaw,Diana Abbott
Ryan Bradshaw,Cody Lopez
Ryan Bradshaw,Sergio Scott
Ryan Bradshaw,Tamara Anderson
Ryan Bradshaw,Melissa Sawyer
Ryan Bradshaw,April Hall
Ryan Bradshaw,William Brewer
Ryan Bradshaw,Brittany Kelly
Ryan Bradshaw,Jennifer Vargas
Ryan Bradshaw,Samantha Thompson
Ryan Bradshaw,Paul Coleman
Ryan Bradshaw,Eric Hansen
Ryan Bradshaw,Laura Smith
Ryan Bradshaw,Kimberly Byrd
Ryan Bradshaw,John Adams
Ryan Bradshaw,Sara Cohen
Ryan Bradshaw,Kathryn Hernandez
Ryan Bradshaw,Steven Herrera
Ryan Bradshaw,Amanda Ramirez
Ryan Bradshaw,Scott Freeman
Ryan Bradshaw,Christian Mann
Ryan Bradshaw,Jonathan Meyers
Ryan Bradshaw,Steven Bishop
Ryan Bradshaw,Heather Ferrell
Ryan Bradshaw,Mia Silva
Ryan Bradshaw,Raymond Knight
Ryan Bradshaw,James Gonzalez
Ryan Bradshaw,Darin Davis
Ryan Bradshaw,Haley Peterson
Ryan Bradshaw,James Taylor
Ryan Bradshaw,David Doyle
Ryan Bradshaw,Barbara Thomas
Mia Silva,James Hall
Mia Silva,Robert Weaver
Mia Silva,Lindsay Ortiz
Mia Silva,Jessica Moore
Mia Silva,Kara Rice
Mia Silva,Marcus Anthony
Mia Silva,Samuel Watkins
Mia Silva,Diana Abbott
Mia Silva,Cody Lopez
Mia Silva,Tamara Anderson
Mia Silva,Sergio Scott
Mia Silva,Melissa Sawyer
Mia Silva,William Brewer
Mia Silva,April Hall
Mia Silva,Brittany Kelly
Mia Silva,Jennifer Vargas
Mia Silva,Samantha Thompson
Mia Silva,Paul Coleman
Mia Silva,Kimberly Byrd
Mia Silva,Kathryn Hernandez
Mia Silva,Steven Herrera
Mia Silva,Tim Fry
Mia Silva,Amanda Ramirez
Mia Silva,Christian Mann
Mia Silva,Jonathan Meyers
Mia Silva,Heather Ferrell
Mia Silva,Ryan Bradshaw
Mia Silva,Laura Smith
Mia Silva,James Gonzalez
Mia Silva,Darin Davis
Mia Silva,Cameron Harris
Mia Silva,James Taylor
Mia Silva,David Doyle
Mia Silva,Jennifer Mendoza
Raymond Knight,Jonathan Meyers
Raymond Knight,Jennifer Vargas
Raymond Knight,Samuel Watkins
Raymond Knight,Laura Smith
Raymond Knight,Ryan Bradshaw
Raymond Knight,Lindsay Ortiz
Raymond Knight,Melissa Sawyer
Raymond Knight,Sara Cohen
Raymond Knight,William Brewer
Raymond Knight,Brittany Kelly
Raymond Knight,Kathryn Hernandez
Raymond Knight,Jose Rhodes
Raymond Knight,Scott Freeman
Raymond Knight,Christian Mann
Raymond Knight,James Gonzalez
Raymond Knight,Darin Davis
Raymond Knight,Cameron Harris
Raymond Knight,Haley Peterson
Raymond Knight,James Taylor
Raymond Knight,David Doyle
Raymond Knight,Jennifer Mendoza
James Gonzalez,James Hall
James Gonzalez,Robert Weaver
James Gonzalez,Jessica Moore
James Gonzalez,Jose Rhodes
James Gonzalez,Marcus Anthony
James Gonzalez,Kara Rice
James Gonzalez,Amy Ortiz
James Gonzalez,Samuel Watkins
James Gonzalez,Diana Abbott
James Gonzalez,Cody Lopez
James Gonzalez,Karen Gonzalez
James Gonzalez,Sergio Scott
James Gonzalez,Melissa Sawyer
James Gonzalez,April Hall
James Gonzalez,William Brewer
James Gonzalez,Brittany Kelly
James Gonzalez,Samantha Thompson
James Gonzalez,Jennifer Vargas
James Gonzalez,Eric Hansen
James Gonzalez,James Velasquez
James Gonzalez,Kimberly Byrd
James Gonzalez,Sara Cohen
James Gonzalez,Kathryn Hernandez
James Gonzalez,Steven Herrera
James Gonzalez,Amanda Ramirez
James Gonzalez,Jonathan Meyers
James Gonzalez,Steven Bishop
James Gonzalez,Heather Ferrell
James Gonzalez,Ryan Bradshaw
James Gonzalez,Mia Silva
James Gonzalez,Raymond Knight
James Gonzalez,Laura Smith
James Gonzalez,Darin Davis
James Gonzalez,Haley Peterson
James Gonzalez,David Doyle
James Gonzalez,Jennifer Mendoza
Darin Davis,Lindsay Ortiz
Darin Davis,Jessica Moore
Darin Davis,Jose Rhodes
Darin Davis,Kara Rice
Darin Davis,Amy Ortiz
Darin Davis,Samuel Watkins
Darin Davis,Diana Abbott
Darin Davis,Sergio Scott
Darin Davis,Melissa Sawyer
Darin Davis,April Hall
Darin Davis,William Brewer
Darin Davis,Brittany Kelly
Darin Davis,Paul Coleman
Darin Davis,James Velasquez
Darin Davis,Sara Cohen
Darin Davis,Kathryn Hernandez
Darin Davis,Amanda Ramirez
Darin Davis,Steven Bishop
Darin Davis,James Gonzalez
Darin Davis,Ryan Bradshaw
Darin Davis,Mia Silva
Darin Davis,Raymond Knight
Darin Davis,Cameron Harris
Darin Davis,Haley Peterson
Cameron Harris,James Hall
Cameron Harris,Robert Weaver
Cameron Harris,Jessica Moore
Cameron Harris,Jose Rhodes
Cameron Harris,Kara Rice
Cameron Harris,Marcus Anthony
Cameron Harris,Amy Ortiz
Cameron Harris,Samuel Watkins
Cameron Harris,Diana Abbott
Cameron Harris,Cody Lopez
Cameron Harris,Karen Gonzalez
Cameron Harris,Sergio Scott
Cameron Harris,Melissa Sawyer
Cameron Harris,April Hall
Cameron Harris,Brittany Kelly
Cameron Harris,Samantha Thompson
Cameron Harris,Paul Coleman
Cameron Harris,Eric Hansen
Cameron Harris,Laura Smith
Cameron Harris,James Velasquez
Cameron Harris,John Adams
Cameron Harris,Kathryn Hernandez
Cameron Harris,Steven Herrera
Cameron Harris,Amanda Ramirez
Cameron Harris,Tim Fry
Cameron Harris,Christian Mann
Cameron Harris,Scott Freeman
Cameron Harris,Steven Bishop
Cameron Harris,Heather Ferrell
Cameron Harris,Darin Davis
Cameron Harris,Mia Silva
Cameron Harris,Raymond Knight
Cameron Harris,Haley Peterson
Cameron Harris,James Taylor
Cameron Harris,Amber James
Cameron Harris,Curtis Garrison
Cameron Harris,Jennifer Mendoza
Haley Peterson,James Hall
Haley Peterson,Robert Weaver
Haley Peterson,Lindsay Ortiz
Haley Peterson,Jessica Moore
Haley Peterson,Marcus Anthony
Haley Peterson,Diana Abbott
Haley Peterson,Cody Lopez
Haley Peterson,Tamara Anderson
Haley Peterson,Sergio Scott
Haley Peterson,William Brewer
Haley Peterson,Melissa Sawyer
Haley Peterson,Brittany Kelly
Haley Peterson,Jennifer Vargas
Haley Peterson,Samantha Thompson
Haley Peterson,Paul Coleman
Haley Peterson,Kimberly Byrd
Haley Peterson,Sara Cohen
Haley Peterson,Kathryn Hernandez
Haley Peterson,Steven Herrera
Haley Peterson,Amanda Ramirez
Haley Peterson,Christian Mann
Haley Peterson,Jonathan Meyers
Haley Peterson,Steven Bishop
Haley Peterson,Heather Ferrell
Haley Peterson,Ryan Bradshaw
Haley Peterson,Darin Davis
Haley Peterson,Raymond Knight
Haley Peterson,James Gonzalez
Haley Peterson,Cameron Harris
Haley Peterson,Laura Smith
James Taylor,James Hall
James Taylor,Robert Weaver
James Taylor,Lindsay Ortiz
James Taylor,Jessica Moore
James Taylor,Jose Rhodes
James Taylor,Kara Rice
James Taylor,Marcus Anthony
James Taylor,Amy Ortiz
James Taylor,Diana Abbott
James Taylor,Cody Lopez
James Taylor,Tamara Anderson
James Taylor,Sergio Scott
James Taylor,William Brewer
James Taylor,Brittany Kelly
James Taylor,Samantha Thompson
James Taylor,Jennifer Vargas
James Taylor,Laura Smith
James Taylor,James Velasquez
James Taylor,Kimberly Byrd
James Taylor,Sara Cohen
James Taylor,Kathryn Hernandez
James Taylor,Steven Herrera
James Taylor,Amanda Ramirez
James Taylor,Tim Fry
James Taylor,Christian Mann
James Taylor,Jonathan Meyers
James Taylor,Steven Bishop
James Taylor,Heather Ferrell
James Taylor,Ryan Bradshaw
James Taylor,Mia Silva
James Taylor,Raymond Knight
James Taylor,Cameron Harris
James Taylor,Jennifer Mendoza
James Taylor,Barbara Thomas
David Doyle,Samantha Thompson
David Doyle,Amy Ortiz
David Doyle,Samuel Watkins
David Doyle,James Gonzalez
David Doyle,Ryan Bradshaw
David Doyle,Mia Silva
David Doyle,Heather Ferrell
David Doyle,Raymond Knight
David Doyle,Tamara Anderson
David Doyle,Jose Rhodes
David Doyle,Tim Fry
Amber James,John Adams
Amber James,William Brewer
Amber James,Cameron Harris
Amber James,Jennifer Mendoza
Amber James,Barbara Thomas
John Edwards,James Hall
John Edwards,Samuel Watkins
John Edwards,James Velasquez
John Edwards,Kathryn Hernandez
John Edwards,Jessica Moore
John Edwards,Steven Herrera
John Edwards,Amanda Ramirez
John Edwards,Scott Freeman
John Edwards,Curtis Garrison
John Edwards,Jennifer Mendoza
Curtis Garrison,Paul Coleman
Curtis Garrison,Eric Hansen
Curtis Garrison,Tim Fry
Curtis Garrison,Cameron Harris
Curtis Garrison,John Edwards
Curtis Garrison,William Brewer
Curtis Garrison,Sara Cohen
Curtis Garrison,Jessica Moore
Curtis Garrison,Steven Herrera
Curtis Garrison,Amanda Ramirez
Curtis Garrison,Laura Smith
Curtis Garrison,Jennifer Mendoza
Jennifer Mendoza,Robert Weaver
Jennifer Mendoza,Lindsay Ortiz
Jennifer Mendoza,Kara Rice
Jennifer Mendoza,Marcus Anthony
Jennifer Mendoza,Samuel Watkins
Jennifer Mendoza,Karen Gonzalez
Jennifer Mendoza,Sergio Scott
Jennifer Mendoza,Melissa Sawyer
Jennifer Mendoza,April Hall
Jennifer Mendoza,Brittany Kelly
Jennifer Mendoza,Samantha Thompson
Jennifer Mendoza,Paul Coleman
Jennifer Mendoza,James Velasquez
Jennifer Mendoza,Kimberly Byrd
Jennifer Mendoza,Sara Cohen
Jennifer Mendoza,Steven Herrera
Jennifer Mendoza,Tim Fry
Jennifer Mendoza,Scott Freeman
Jennifer Mendoza,James Gonzalez
Jennifer Mendoza,Mia Silva
Jennifer Mendoza,Raymond Knight
Jennifer Mendoza,Cameron Harris
Jennifer Mendoza,John Edwards
Jennifer Mendoza,James Taylor
Jennifer Mendoza,Amber James
Jennifer Mendoza,Curtis Garrison
Barbara Thomas,Kara Rice
Barbara Thomas,Marcus Anthony
Barbara Thomas,Diana Abbott
Barbara Thomas,Heather Ferrell
Barbara Thomas,Ryan Bradshaw
Barbara Thomas,Robert Weaver
Barbara Thomas,Karen Gonzalez
Barbara Thomas,Sergio Scott
Barbara Thomas,James Taylor
Barbara Thomas,Amber James
Barbara Thomas,Sara Cohen
Barbara Thomas,Melissa Sawyer
Barbara Thomas,Kathryn Hernandez
Barbara Thomas,Brittany Kelly
Barbara Thomas,Tim Fry
Barbara Thomas,Christian Mann
